Year,Branch,Batch,Category,Gender,Round,Cutoff
2022,Computer,SY,Open,Male,1,8.81
2022,Computer,SY,Open,Male,2,8.44
2022,Computer,SY,OBC,Male,1,7.17
2022,Computer,SY,OBC,Male,2,7
2022,Computer,SY,EWS,Male,1,7.64
2022,Computer,SY,EWS,Male,2,7.29
2022,Computer,SY,SC,Male,1,6.52
2022,Computer,SY,SC,Male,2,6.36
2022,Computer,SY,ST,Male,1,4.64
2022,Computer,SY,ST,Male,2,4.43
2022,Computer,SY,NT,Male,1,6.62
2022,Computer,SY,NT,Male,2,6.5
2022,Computer,SY,J&K,Male,1,5.17
2022,Computer,SY,J&K,Male,2,5.1
2022,CIVIL,SY,Open,Male,1,7.36
2022,CIVIL,SY,Open,Male,2,7.17
2022,CIVIL,SY,OBC,Male,1,6.71
2022,CIVIL,SY,OBC,Male,2,6.56
2022,CIVIL,SY,EWS,Male,1,6.17
2022,CIVIL,SY,EWS,Male,2,6.17
2022,CIVIL,SY,SC,Male,1,6.43
2022,CIVIL,SY,SC,Male,2,6.32
2022,CIVIL,SY,NT,Male,1,6.29
2022,CIVIL,SY,NT,Male,2,6.1
2022,CIVIL,SY,ST,Male,1,5.12
2022,CIVIL,SY,ST,Male,2,5
2022,CIVIL,SY,J&K,Male,1,7.74
2022,CIVIL,SY,J&K,Male,2,7.74
2022,ELECTRICAL,SY,Open,Male,1,7.81
2022,ELECTRICAL,SY,Open,Male,2,7.56
2022,ELECTRICAL,SY,OBC,Male,1,6.5
2022,ELECTRICAL,SY,OBC,Male,2,6.36
2022,ELECTRICAL,SY,EWS,Male,1,7.29
2022,ELECTRICAL,SY,EWS,Male,2,7.14
2022,ELECTRICAL,SY,SC,Male,1,4.26
2022,ELECTRICAL,SY,SC,Male,2,4.14
2022,ELECTRICAL,SY,NT,Male,1,6.07
2022,ELECTRICAL,SY,NT,Male,2,5.8
2022,ELECTRICAL,SY,ST,Male,1,5.12
2022,ELECTRICAL,SY,ST,Male,2,5.12
2022,ELECTRICAL,SY,J&K,Male,1,4.83
2022,ELECTRICAL,SY,J&K,Male,2,4.83
2022,ENTC,SY,Open,Male,1,8.57
2022,ENTC,SY,Open,Male,2,8.36
2022,ENTC,SY,OBC,Male,1,5.74
2022,ENTC,SY,OBC,Male,2,5.46
2022,ENTC,SY,EWS,Male,1,7.5
2022,ENTC,SY,EWS,Male,2,7.36
2022,ENTC,SY,SC,Male,1,5.14
2022,ENTC,SY,SC,Male,2,5
2022,ENTC,SY,NT,Male,1,7.45
2022,ENTC,SY,NT,Male,2,7.29
2022,ENTC,SY,ST,Male,1,4.83
2022,ENTC,SY,ST,Male,2,4.46
2022,ENTC,SY,J&K,Male,1,5.12
2022,ENTC,SY,J&K,Male,2,5.12
2022,INSTRUMENTATION,SY,Open,Male,1,8.05
2022,INSTRUMENTATION,SY,Open,Male,2,8
2022,INSTRUMENTATION,SY,OBC,Male,1,5.74
2022,INSTRUMENTATION,SY,OBC,Male,2,5.68
2022,INSTRUMENTATION,SY,EWS,Male,1,7.38
2022,INSTRUMENTATION,SY,EWS,Male,2,7.24
2022,INSTRUMENTATION,SY,SC,Male,1,5.55
2022,INSTRUMENTATION,SY,SC,Male,2,5.36
2022,INSTRUMENTATION,SY,NT,Male,1,6.86
2022,INSTRUMENTATION,SY,NT,Male,2,6.46
2022,INSTRUMENTATION,SY,ST,Male,1,5.12
2022,INSTRUMENTATION,SY,ST,Male,2,5.12
2022,INSTRUMENTATION,SY,J&K,Male,1,5.12
2022,INSTRUMENTATION,SY,J&K,Male,2,5.12
2022,Mechanical,SY,Open,Male,1,7.86
2022,Mechanical,SY,Open,Male,2,7.5
2022,Mechanical,SY,OBC,Male,1,6.55
2022,Mechanical,SY,OBC,Male,2,6.36
2022,Mechanical,SY,EWS,Male,1,7.31
2022,Mechanical,SY,EWS,Male,2,7.15
2022,Mechanical,SY,SC,Male,1,6.07
2022,Mechanical,SY,SC,Male,2,5.76
2022,Mechanical,SY,NT,Male,1,6.07
2022,Mechanical,SY,NT,Male,2,6.07
2022,Mechanical,SY,ST,Male,1,5.38
2022,Mechanical,SY,ST,Male,2,5.15
2022,Mechanical,SY,J&K,Male,1,5.12
2022,Mechanical,SY,J&K,Male,2,5.12
2022,Metallurgy,SY,Open,Male,1,5.69
2022,Metallurgy,SY,Open,Male,2,5.36
2022,Metallurgy,SY,OBC,Male,1,5.05
2022,Metallurgy,SY,OBC,Male,2,4.76
2022,Metallurgy,SY,EWS,Male,1,7.21
2022,Metallurgy,SY,EWS,Male,2,7
2022,Metallurgy,SY,SC,Male,1,4.31
2022,Metallurgy,SY,SC,Male,2,4.31
2022,Metallurgy,SY,NT,Male,1,5.83
2022,Metallurgy,SY,NT,Male,2,5.65
2022,Metallurgy,SY,ST,Male,1,4.31
2022,Metallurgy,SY,ST,Male,2,4.31
2022,Metallurgy,SY,J&K,Male,1,4.31
2022,Metallurgy,SY,J&K,Male,2,4.31
2022,Manufacturing,SY,Open,Male,1,7.1
2022,Manufacturing,SY,Open,Male,2,6.89
2022,Manufacturing,SY,OBC,Male,1,6.43
2022,Manufacturing,SY,OBC,Male,2,6.32
2022,Manufacturing,SY,EWS,Male,1,6.17
2022,Manufacturing,SY,EWS,Male,2,6
2022,Manufacturing,SY,SC,Male,1,4.31
2022,Manufacturing,SY,SC,Male,2,4.31
2022,Manufacturing,SY,NT,Male,1,5.31
2022,Manufacturing,SY,NT,Male,2,5.15
2022,Manufacturing,SY,ST,Male,1,4.81
2022,Manufacturing,SY,ST,Male,2,4.65
2022,Manufacturing,SY,J&K,Male,1,4.31
2022,Manufacturing,SY,J&K,Male,2,4.31
2022,Computer,SY,Open,Female,1,7.71
2022,Computer,SY,Open,Female,2,7.44
2022,Computer,SY,OBC,Female,1,6.17
2022,Computer,SY,OBC,Female,2,6
2022,Computer,SY,EWS,Female,1,6.64
2022,Computer,SY,EWS,Female,2,6.29
2022,Computer,SY,SC,Female,1,5.52
2022,Computer,SY,SC,Female,2,5.36
2022,Computer,SY,ST,Female,1,4.64
2022,Computer,SY,ST,Female,2,4.43
2022,Computer,SY,NT,Female,1,5.62
2022,Computer,SY,NT,Female,2,5.5
2022,Computer,SY,J&K,Female,1,5.17
2022,Computer,SY,J&K,Female,2,5.1
2022,CIVIL,SY,Open,Female,1,6.36
2022,CIVIL,SY,Open,Female,2,6.17
2022,CIVIL,SY,OBC,Female,1,5.71
2022,CIVIL,SY,OBC,Female,2,5.67
2022,CIVIL,SY,EWS,Female,1,5.17
2022,CIVIL,SY,EWS,Female,2,5.17
2022,CIVIL,SY,SC,Female,1,5.43
2022,CIVIL,SY,SC,Female,2,5.32
2022,CIVIL,SY,NT,Female,1,5.29
2022,CIVIL,SY,NT,Female,2,5.1
2022,CIVIL,SY,ST,Female,1,5.12
2022,CIVIL,SY,ST,Female,2,5
2022,CIVIL,SY,J&K,Female,1,6.74
2022,CIVIL,SY,J&K,Female,2,6.74
2022,ELECTRICAL,SY,Open,Female,1,6.81
2022,ELECTRICAL,SY,Open,Female,2,6.56
2022,ELECTRICAL,SY,OBC,Female,1,5.5
2022,ELECTRICAL,SY,OBC,Female,2,5.36
2022,ELECTRICAL,SY,EWS,Female,1,6.29
2022,ELECTRICAL,SY,EWS,Female,2,6.14
2022,ELECTRICAL,SY,SC,Female,1,4.26
2022,ELECTRICAL,SY,SC,Female,2,4.14
2022,ELECTRICAL,SY,NT,Female,1,6.07
2022,ELECTRICAL,SY,NT,Female,2,5.8
2022,ELECTRICAL,SY,ST,Female,1,5.12
2022,ELECTRICAL,SY,ST,Female,2,5.12
2022,ELECTRICAL,SY,J&K,Female,1,4.83
2022,ELECTRICAL,SY,J&K,Female,2,4.83
2022,ENTC,SY,Open,Female,1,7.57
2022,ENTC,SY,Open,Female,2,7.36
2022,ENTC,SY,OBC,Female,1,5.74
2022,ENTC,SY,OBC,Female,2,5.46
2022,ENTC,SY,EWS,Female,1,6.5
2022,ENTC,SY,EWS,Female,2,6.36
2022,ENTC,SY,SC,Female,1,5.14
2022,ENTC,SY,SC,Female,2,5
2022,ENTC,SY,NT,Female,1,6.4
2022,ENTC,SY,NT,Female,2,6
2022,ENTC,SY,ST,Female,1,4.83
2022,ENTC,SY,ST,Female,2,4.46
2022,ENTC,SY,J&K,Female,1,5.12
2022,ENTC,SY,J&K,Female,2,5.12
2022,INSTRUMENTATION,SY,Open,Female,1,7.05
2022,INSTRUMENTATION,SY,Open,Female,2,7
2022,INSTRUMENTATION,SY,OBC,Female,1,5.74
2022,INSTRUMENTATION,SY,OBC,Female,2,5.68
2022,INSTRUMENTATION,SY,EWS,Female,1,6.38
2022,INSTRUMENTATION,SY,EWS,Female,2,6.24
2022,INSTRUMENTATION,SY,SC,Female,1,5.55
2022,INSTRUMENTATION,SY,SC,Female,2,5.36
2022,INSTRUMENTATION,SY,NT,Female,1,5.86
2022,INSTRUMENTATION,SY,NT,Female,2,5.46
2022,INSTRUMENTATION,SY,ST,Female,1,5.12
2022,INSTRUMENTATION,SY,ST,Female,2,5.12
2022,INSTRUMENTATION,SY,J&K,Female,1,5.12
2022,INSTRUMENTATION,SY,J&K,Female,2,5.12
2022,Mechanical,SY,Open,Female,1,6.86
2022,Mechanical,SY,Open,Female,2,6.5
2022,Mechanical,SY,OBC,Female,1,5.55
2022,Mechanical,SY,OBC,Female,2,5.36
2022,Mechanical,SY,EWS,Female,1,6.31
2022,Mechanical,SY,EWS,Female,2,6.15
2022,Mechanical,SY,SC,Female,1,6.07
2022,Mechanical,SY,SC,Female,2,5.76
2022,Mechanical,SY,NT,Female,1,5.07
2022,Mechanical,SY,NT,Female,2,5.07
2022,Mechanical,SY,ST,Female,1,5.38
2022,Mechanical,SY,ST,Female,2,5.15
2022,Mechanical,SY,J&K,Female,1,5.12
2022,Mechanical,SY,J&K,Female,2,5.12
2022,Metallurgy,SY,Open,Female,1,5.69
2022,Metallurgy,SY,Open,Female,2,5.36
2022,Metallurgy,SY,OBC,Female,1,5.05
2022,Metallurgy,SY,OBC,Female,2,4.76
2022,Metallurgy,SY,EWS,Female,1,6.21
2022,Metallurgy,SY,EWS,Female,2,6
2022,Metallurgy,SY,SC,Female,1,4.31
2022,Metallurgy,SY,SC,Female,2,4.31
2022,Metallurgy,SY,NT,Female,1,5.83
2022,Metallurgy,SY,NT,Female,2,5.65
2022,Metallurgy,SY,ST,Female,1,4.31
2022,Metallurgy,SY,ST,Female,2,4.31
2022,Metallurgy,SY,J&K,Female,1,4.31
2022,Metallurgy,SY,J&K,Female,2,4.31
2022,Manufacturing,SY,Open,Female,1,7.1
2022,Manufacturing,SY,Open,Female,2,6.89
2022,Manufacturing,SY,OBC,Female,1,6.43
2022,Manufacturing,SY,OBC,Female,2,6.32
2022,Manufacturing,SY,EWS,Female,1,6.17
2022,Manufacturing,SY,EWS,Female,2,6
2022,Manufacturing,SY,SC,Female,1,4.31
2022,Manufacturing,SY,SC,Female,2,4.31
2022,Manufacturing,SY,NT,Female,1,5.31
2022,Manufacturing,SY,NT,Female,2,5.15
2022,Manufacturing,SY,ST,Female,1,4.81
2022,Manufacturing,SY,ST,Female,2,4.65
2022,Manufacturing,SY,J&K,Female,1,4.31
2022,Manufacturing,SY,J&K,Female,2,4.31
2019,Computer,SY,Open,Male,1,8.91
2019,Computer,SY,Open,Male,2,8.54
2019,Computer,SY,OBC,Male,1,7.27
2019,Computer,SY,OBC,Male,2,7.1
2019,Computer,SY,EWS,Male,1,7.74
2019,Computer,SY,EWS,Male,2,7.39
2019,Computer,SY,SC,Male,1,6.62
2019,Computer,SY,SC,Male,2,6.46
2019,Computer,SY,ST,Male,1,4.64
2019,Computer,SY,ST,Male,2,4.53
2019,Computer,SY,NT,Male,1,6.72
2019,Computer,SY,NT,Male,2,6.6
2019,Computer,SY,J&K,Male,1,5.27
2019,Computer,SY,J&K,Male,2,5.2
2019,CIVIL,SY,Open,Male,1,7.46
2019,CIVIL,SY,Open,Male,2,7.27
2019,CIVIL,SY,OBC,Male,1,6.81
2019,CIVIL,SY,OBC,Male,2,6.66
2019,CIVIL,SY,EWS,Male,1,6.27
2019,CIVIL,SY,EWS,Male,2,6.27
2019,CIVIL,SY,SC,Male,1,6.53
2019,CIVIL,SY,SC,Male,2,6.42
2019,CIVIL,SY,NT,Male,1,6.39
2019,CIVIL,SY,NT,Male,2,6.2
2019,CIVIL,SY,ST,Male,1,5.22
2019,CIVIL,SY,ST,Male,2,5.1
2019,CIVIL,SY,J&K,Male,1,7.84
2019,CIVIL,SY,J&K,Male,2,7.84
2019,ELECTRICAL,SY,Open,Male,1,7.991
2019,ELECTRICAL,SY,Open,Male,2,7.66
2019,ELECTRICAL,SY,OBC,Male,1,6.6
2019,ELECTRICAL,SY,OBC,Male,2,6.46
2019,ELECTRICAL,SY,EWS,Male,1,7.39
2019,ELECTRICAL,SY,EWS,Male,2,7.24
2019,ELECTRICAL,SY,SC,Male,1,4.36
2019,ELECTRICAL,SY,SC,Male,2,4.24
2019,ELECTRICAL,SY,NT,Male,1,6.17
2019,ELECTRICAL,SY,NT,Male,2,5.9
2019,ELECTRICAL,SY,ST,Male,1,5.22
2019,ELECTRICAL,SY,ST,Male,2,5.22
2019,ELECTRICAL,SY,J&K,Male,1,4.93
2019,ELECTRICAL,SY,J&K,Male,2,4.93
2019,ENTC,SY,Open,Male,1,8.67
2019,ENTC,SY,Open,Male,2,8.46
2019,ENTC,SY,OBC,Male,1,5.84
2019,ENTC,SY,OBC,Male,2,5.56
2019,ENTC,SY,EWS,Male,1,7.6
2019,ENTC,SY,EWS,Male,2,7.46
2019,ENTC,SY,SC,Male,1,5.24
2019,ENTC,SY,SC,Male,2,5.1
2019,ENTC,SY,NT,Male,1,7.64
2019,ENTC,SY,NT,Male,2,7.39
2019,ENTC,SY,ST,Male,1,4.93
2019,ENTC,SY,ST,Male,2,4.56
2019,ENTC,SY,J&K,Male,1,5.22
2019,ENTC,SY,J&K,Male,2,5.22
2019,INSTRUMENTATION,SY,Open,Male,1,8.15
2019,INSTRUMENTATION,SY,Open,Male,2,8.1
2019,INSTRUMENTATION,SY,OBC,Male,1,5.84
2019,INSTRUMENTATION,SY,OBC,Male,2,5.78
2019,INSTRUMENTATION,SY,EWS,Male,1,7.48
2019,INSTRUMENTATION,SY,EWS,Male,2,7.34
2019,INSTRUMENTATION,SY,SC,Male,1,5.65
2019,INSTRUMENTATION,SY,SC,Male,2,5.46
2019,INSTRUMENTATION,SY,NT,Male,1,6.96
2019,INSTRUMENTATION,SY,NT,Male,2,6.56
2019,INSTRUMENTATION,SY,ST,Male,1,5.22
2019,INSTRUMENTATION,SY,ST,Male,2,5.22
2019,INSTRUMENTATION,SY,J&K,Male,1,5.22
2019,INSTRUMENTATION,SY,J&K,Male,2,5.22
2019,Mechanical,SY,Open,Male,1,7.96
2019,Mechanical,SY,Open,Male,2,7.6
2019,Mechanical,SY,OBC,Male,1,6.65
2019,Mechanical,SY,OBC,Male,2,6.46
2019,Mechanical,SY,EWS,Male,1,7.41
2019,Mechanical,SY,EWS,Male,2,7.25
2019,Mechanical,SY,SC,Male,1,6.17
2019,Mechanical,SY,SC,Male,2,5.86
2019,Mechanical,SY,NT,Male,1,6.17
2019,Mechanical,SY,NT,Male,2,6.17
2019,Mechanical,SY,ST,Male,1,5.48
2019,Mechanical,SY,ST,Male,2,5.25
2019,Mechanical,SY,J&K,Male,1,5.22
2019,Mechanical,SY,J&K,Male,2,5.22
2019,Metallurgy,SY,Open,Male,1,5.79
2019,Metallurgy,SY,Open,Male,2,5.46
2019,Metallurgy,SY,OBC,Male,1,5.15
2019,Metallurgy,SY,OBC,Male,2,4.86
2019,Metallurgy,SY,EWS,Male,1,7.31
2019,Metallurgy,SY,EWS,Male,2,7.1
2019,Metallurgy,SY,SC,Male,1,4.41
2019,Metallurgy,SY,SC,Male,2,4.41
2019,Metallurgy,SY,NT,Male,1,5.93
2019,Metallurgy,SY,NT,Male,2,5.75
2019,Metallurgy,SY,ST,Male,1,4.41
2019,Metallurgy,SY,ST,Male,2,4.41
2019,Metallurgy,SY,J&K,Male,1,4.41
2019,Metallurgy,SY,J&K,Male,2,4.31
2019,Manufacturing,SY,Open,Male,1,7.2
2019,Manufacturing,SY,Open,Male,2,6.99
2019,Manufacturing,SY,OBC,Male,1,6.53
2019,Manufacturing,SY,OBC,Male,2,6.42
2019,Manufacturing,SY,EWS,Male,1,6.27
2019,Manufacturing,SY,EWS,Male,2,6.1
2019,Manufacturing,SY,SC,Male,1,4.41
2019,Manufacturing,SY,SC,Male,2,4.41
2019,Manufacturing,SY,NT,Male,1,5.41
2019,Manufacturing,SY,NT,Male,2,5.25
2019,Manufacturing,SY,ST,Male,1,4.91
2019,Manufacturing,SY,ST,Male,2,4.75
2019,Manufacturing,SY,J&K,Male,2,4.41
2019,Computer,SY,Open,Female,1,7.81
2019,Computer,SY,Open,Female,2,7.54
2019,Computer,SY,OBC,Female,1,6.27
2019,Computer,SY,OBC,Female,2,6.1
2019,Computer,SY,EWS,Female,1,6.74
2019,Computer,SY,EWS,Female,2,6.39
2019,Computer,SY,SC,Female,1,5.62
2019,Computer,SY,SC,Female,2,5.46
2019,Computer,SY,ST,Female,1,4.74
2019,Computer,SY,ST,Female,2,4.53
2019,Computer,SY,NT,Female,1,5.72
2019,Computer,SY,NT,Female,2,5.6
2019,Computer,SY,J&K,Female,1,5.27
2019,Computer,SY,J&K,Female,2,5.2
2019,CIVIL,SY,Open,Female,1,6.46
2019,CIVIL,SY,Open,Female,2,6.27
2019,CIVIL,SY,OBC,Female,1,5.81
2019,CIVIL,SY,OBC,Female,2,5.77
2019,CIVIL,SY,EWS,Female,1,5.27
2019,CIVIL,SY,EWS,Female,2,5.27
2019,CIVIL,SY,SC,Female,1,5.53
2019,CIVIL,SY,SC,Female,2,5.42
2019,CIVIL,SY,NT,Female,1,5.39
2019,CIVIL,SY,NT,Female,2,5.2
2019,CIVIL,SY,ST,Female,1,5.22
2019,CIVIL,SY,ST,Female,2,5.1
2019,CIVIL,SY,J&K,Female,1,6.84
2019,CIVIL,SY,J&K,Female,2,6.84
2019,ELECTRICAL,SY,Open,Female,1,6.81
2019,ELECTRICAL,SY,Open,Female,2,6.66
2019,ELECTRICAL,SY,OBC,Female,1,5.6
2019,ELECTRICAL,SY,OBC,Female,2,5.46
2019,ELECTRICAL,SY,EWS,Female,1,6.39
2019,ELECTRICAL,SY,EWS,Female,2,6.25
2019,ELECTRICAL,SY,SC,Female,1,4.36
2019,ELECTRICAL,SY,SC,Female,2,4.24
2019,ELECTRICAL,SY,NT,Female,1,6.17
2019,ELECTRICAL,SY,NT,Female,2,5.9
2019,ELECTRICAL,SY,ST,Female,1,5.22
2019,ELECTRICAL,SY,ST,Female,2,5.22
2019,ELECTRICAL,SY,J&K,Female,1,4.93
2019,ELECTRICAL,SY,J&K,Female,2,4.93
2019,ENTC,SY,Open,Female,1,7.67
2019,ENTC,SY,Open,Female,2,7.46
2019,ENTC,SY,OBC,Female,1,5.84
2019,ENTC,SY,OBC,Female,2,5.56
2019,ENTC,SY,EWS,Female,1,6.6
2019,ENTC,SY,EWS,Female,2,6.46
2019,ENTC,SY,SC,Female,1,5.24
2019,ENTC,SY,SC,Female,2,5.1
2019,ENTC,SY,NT,Female,1,6.5
2019,ENTC,SY,NT,Female,2,6.1
2019,ENTC,SY,ST,Female,1,4.93
2019,ENTC,SY,ST,Female,2,4.56
2019,ENTC,SY,J&K,Female,1,5.22
2019,ENTC,SY,J&K,Female,2,5.22
2019,INSTRUMENTATION,SY,Open,Female,1,7.15
2019,INSTRUMENTATION,SY,Open,Female,2,7.1
2019,INSTRUMENTATION,SY,OBC,Female,1,5.94
2019,INSTRUMENTATION,SY,OBC,Female,2,5.78
2019,INSTRUMENTATION,SY,EWS,Female,1,6.48
2019,INSTRUMENTATION,SY,EWS,Female,2,6.34
2019,INSTRUMENTATION,SY,SC,Female,1,6.65
2019,INSTRUMENTATION,SY,SC,Female,2,5.46
2019,INSTRUMENTATION,SY,NT,Female,1,5.96
2019,INSTRUMENTATION,SY,NT,Female,2,5.56
2019,INSTRUMENTATION,SY,ST,Female,1,5.33
2019,INSTRUMENTATION,SY,ST,Female,2,5.22
2019,INSTRUMENTATION,SY,J&K,Female,1,5.22
2019,INSTRUMENTATION,SY,J&K,Female,2,5.22
2019,Mechanical,SY,Open,Female,1,6.96
2019,Mechanical,SY,Open,Female,2,6.6
2019,Mechanical,SY,OBC,Female,1,5.65
2019,Mechanical,SY,OBC,Female,2,5.46
2019,Mechanical,SY,EWS,Female,1,6.41
2019,Mechanical,SY,EWS,Female,2,6.25
2019,Mechanical,SY,SC,Female,1,6.17
2019,Mechanical,SY,SC,Female,2,5.86
2019,Mechanical,SY,NT,Female,1,5.17
2019,Mechanical,SY,NT,Female,2,5.17
2019,Mechanical,SY,ST,Female,1,5.48
2019,Mechanical,SY,ST,Female,2,5.25
2019,Mechanical,SY,J&K,Female,1,5.22
2019,Mechanical,SY,J&K,Female,2,5.22
2019,Metallurgy,SY,Open,Female,1,5.79
2019,Metallurgy,SY,Open,Female,2,5.6
2019,Metallurgy,SY,OBC,Female,1,5.15
2019,Metallurgy,SY,OBC,Female,2,4.86
2019,Metallurgy,SY,EWS,Female,1,6.31
2019,Metallurgy,SY,EWS,Female,2,6.1
2019,Metallurgy,SY,SC,Female,1,4.41
2019,Metallurgy,SY,SC,Female,2,4.41
2019,Metallurgy,SY,NT,Female,1,5.93
2019,Metallurgy,SY,NT,Female,2,5.75
2019,Metallurgy,SY,ST,Female,1,4.41
2019,Metallurgy,SY,ST,Female,2,4.41
2019,Metallurgy,SY,J&K,Female,1,4.41
2019,Metallurgy,SY,J&K,Female,2,4.41
2019,Manufacturing,SY,Open,Female,1,7.2
2019,Manufacturing,SY,Open,Female,2,6.99
2019,Manufacturing,SY,OBC,Female,1,6.53
2019,Manufacturing,SY,OBC,Female,2,6.42
2019,Manufacturing,SY,EWS,Female,1,6.27
2019,Manufacturing,SY,EWS,Female,2,6.1
2019,Manufacturing,SY,SC,Female,1,4.41
2019,Manufacturing,SY,SC,Female,2,4.41
2019,Manufacturing,SY,NT,Female,1,5.41
2019,Manufacturing,SY,NT,Female,2,5.25
2019,Manufacturing,SY,ST,Female,1,4.91
2019,Manufacturing,SY,ST,Female,2,4.75
2019,Manufacturing,SY,J&K,Female,1,4.41
2019,Manufacturing,SY,J&K,Female,2,4.41
2018,Computer,SY,Open,Male,1,8.76
2018,Computer,SY,Open,Male,2,8.4
2018,Computer,SY,OBC,Male,1,7.31
2018,Computer,SY,OBC,Male,2,7.15
2018,Computer,SY,EWS,Male,1,7.74
2018,Computer,SY,EWS,Male,2,7.39
2018,Computer,SY,SC,Male,1,6.64
2018,Computer,SY,SC,Male,2,6.56
2018,Computer,SY,ST,Male,1,6.5
2018,Computer,SY,ST,Male,2,6.36
2018,Computer,SY,NT,Male,1,4.57
2018,Computer,SY,NT,Male,2,4.44
2018,Computer,SY,J&K,Male,1,5.27
2018,Computer,SY,J&K,Male,2,5.2
2018,CIVIL,SY,Open,Male,1,7.69
2018,CIVIL,SY,Open,Male,2,7.47
2018,CIVIL,SY,OBC,Male,1,6.19
2018,CIVIL,SY,OBC,Male,2,6
2018,CIVIL,SY,EWS,Male,1,5.67
2018,CIVIL,SY,EWS,Male,2,5.46
2018,CIVIL,SY,SC,Male,1,5.67
2018,CIVIL,SY,SC,Male,2,5.5
2018,CIVIL,SY,NT,Male,1,6.48
2018,CIVIL,SY,NT,Male,2,6.23
2018,CIVIL,SY,ST,Male,1,5.46
2018,CIVIL,SY,ST,Male,2,5.2
2018,CIVIL,SY,J&K,Male,1,7.84
2018,CIVIL,SY,J&K,Male,2,7.84
2018,ELECTRICAL,SY,Open,Male,1,8.19
2018,ELECTRICAL,SY,Open,Male,2,8
2018,ELECTRICAL,SY,OBC,Male,1,5.57
2018,ELECTRICAL,SY,OBC,Male,2,5.46
2018,ELECTRICAL,SY,EWS,Male,1,7.39
2018,ELECTRICAL,SY,EWS,Male,2,7.24
2018,ELECTRICAL,SY,SC,Male,1,5.62
2018,ELECTRICAL,SY,SC,Male,2,5.42
2018,ELECTRICAL,SY,NT,Male,1,5.76
2018,ELECTRICAL,SY,NT,Male,2,5.65
2018,ELECTRICAL,SY,ST,Male,1,6.4
2018,ELECTRICAL,SY,ST,Male,2,6.2
2018,ELECTRICAL,SY,J&K,Male,1,4.93
2018,ELECTRICAL,SY,J&K,Male,2,4.93
2018,ENTC,SY,Open,Male,1,6.79
2018,ENTC,SY,Open,Male,2,6.56
2018,ENTC,SY,OBC,Male,1,5.21
2018,ENTC,SY,OBC,Male,2,5.11
2018,ENTC,SY,EWS,Male,1,7.6
2018,ENTC,SY,EWS,Male,2,7.46
2018,ENTC,SY,SC,Male,1,5.26
2018,ENTC,SY,SC,Male,2,5
2018,ENTC,SY,NT,Male,1,7.05
2018,ENTC,SY,NT,Male,2,6.95
2018,ENTC,SY,ST,Male,1,5.38
2018,ENTC,SY,ST,Male,2,5.18
2018,ENTC,SY,J&K,Male,1,5.22
2018,ENTC,SY,J&K,Male,2,5.22
2018,INSTRUMENTATION,SY,Open,Male,1,5.48
2018,INSTRUMENTATION,SY,Open,Male,2,5.3
2018,INSTRUMENTATION,SY,OBC,Male,1,6.29
2018,INSTRUMENTATION,SY,OBC,Male,2,6.1
2018,INSTRUMENTATION,SY,EWS,Male,1,7.48
2018,INSTRUMENTATION,SY,EWS,Male,2,7.34
2018,INSTRUMENTATION,SY,SC,Male,1,5.12
2018,INSTRUMENTATION,SY,SC,Male,2,5
2018,INSTRUMENTATION,SY,NT,Male,1,6.57
2018,INSTRUMENTATION,SY,NT,Male,2,6.36
2018,INSTRUMENTATION,SY,ST,Male,1,4.45
2018,INSTRUMENTATION,SY,ST,Male,2,4.35
2018,INSTRUMENTATION,SY,J&K,Male,1,5.22
2018,INSTRUMENTATION,SY,J&K,Male,2,5.22
2018,Mechanical,SY,Open,Male,1,8.19
2018,Mechanical,SY,Open,Male,2,8
2018,Mechanical,SY,OBC,Male,1,7.36
2018,Mechanical,SY,OBC,Male,2,7.22
2018,Mechanical,SY,EWS,Male,1,7.41
2018,Mechanical,SY,EWS,Male,2,7.25
2018,Mechanical,SY,SC,Male,1,5.14
2018,Mechanical,SY,SC,Male,2,5
2018,Mechanical,SY,NT,Male,1,5.4
2018,Mechanical,SY,NT,Male,2,5.36
2018,Mechanical,SY,ST,Male,1,6.5
2018,Mechanical,SY,ST,Male,2,6.3
2018,Mechanical,SY,J&K,Male,1,5.22
2018,Mechanical,SY,J&K,Male,2,5.22
2018,Metallurgy,SY,Open,Male,1,4.57
2018,Metallurgy,SY,Open,Male,2,4.3
2018,Metallurgy,SY,OBC,Male,1,6.76
2018,Metallurgy,SY,OBC,Male,2,6.3
2018,Metallurgy,SY,EWS,Male,1,7.31
2018,Metallurgy,SY,EWS,Male,2,7.1
2018,Metallurgy,SY,SC,Male,1,5.62
2018,Metallurgy,SY,SC,Male,2,5.4
2018,Metallurgy,SY,NT,Male,1,5.71
2018,Metallurgy,SY,NT,Male,2,5.5
2018,Metallurgy,SY,ST,Male,1,4.52
2018,Metallurgy,SY,ST,Male,2,4.41
2018,Metallurgy,SY,J&K,Male,1,4.41
2018,Metallurgy,SY,J&K,Male,2,4.31
2018,Manufacturing,SY,Open,Male,1,5.86
2018,Manufacturing,SY,Open,Male,2,5.6
2018,Manufacturing,SY,OBC,Male,1,7
2018,Manufacturing,SY,OBC,Male,2,6.85
2018,Manufacturing,SY,EWS,Male,1,6.27
2018,Manufacturing,SY,EWS,Male,2,6.1
2018,Manufacturing,SY,SC,Male,1,4.62
2018,Manufacturing,SY,SC,Male,2,4.44
2018,Manufacturing,SY,NT,Male,1,5.14
2018,Manufacturing,SY,NT,Male,2,5
2018,Manufacturing,SY,ST,Male,1,4.71
2018,Manufacturing,SY,ST,Male,2,4.55
2018,Manufacturing,SY,J&K,Male,2,4.41
2018,Computer,SY,Open,Female,1,8.76
2018,Computer,SY,Open,Female,2,8.4
2018,Computer,SY,OBC,Female,1,7.31
2018,Computer,SY,OBC,Female,2,7.15
2018,Computer,SY,EWS,Female,1,7.74
2018,Computer,SY,EWS,Female,2,7.39
2018,Computer,SY,SC,Female,1,6.64
2018,Computer,SY,SC,Female,2,6.56
2018,Computer,SY,ST,Female,1,6.5
2018,Computer,SY,ST,Female,2,6.36
2018,Computer,SY,NT,Female,1,4.57
2018,Computer,SY,NT,Female,2,4.44
2018,Computer,SY,J&K,Female,1,5.27
2018,Computer,SY,J&K,Female,2,5.2
2018,CIVIL,SY,Open,Female,1,7.69
2018,CIVIL,SY,Open,Female,2,7.47
2018,CIVIL,SY,OBC,Female,1,6.19
2018,CIVIL,SY,OBC,Female,2,6
2018,CIVIL,SY,EWS,Female,1,5.67
2018,CIVIL,SY,EWS,Female,2,5.46
2018,CIVIL,SY,SC,Female,1,5.67
2018,CIVIL,SY,SC,Female,2,5.5
2018,CIVIL,SY,NT,Female,1,6.48
2018,CIVIL,SY,NT,Female,2,6.23
2018,CIVIL,SY,ST,Female,1,5.46
2018,CIVIL,SY,ST,Female,2,5.2
2018,CIVIL,SY,J&K,Female,1,7.84
2018,CIVIL,SY,J&K,Female,2,7.84
2018,ELECTRICAL,SY,Open,Female,1,8.19
2018,ELECTRICAL,SY,Open,Female,2,8
2018,ELECTRICAL,SY,OBC,Female,1,5.57
2018,ELECTRICAL,SY,OBC,Female,2,5.46
2018,ELECTRICAL,SY,EWS,Female,1,7.39
2018,ELECTRICAL,SY,EWS,Female,2,7.24
2018,ELECTRICAL,SY,SC,Female,1,5.62
2018,ELECTRICAL,SY,SC,Female,2,5.42
2018,ELECTRICAL,SY,NT,Female,1,5.76
2018,ELECTRICAL,SY,NT,Female,2,5.65
2018,ELECTRICAL,SY,ST,Female,1,6.4
2018,ELECTRICAL,SY,ST,Female,2,6.2
2018,ELECTRICAL,SY,J&K,Female,1,4.93
2018,ELECTRICAL,SY,J&K,Female,2,4.93
2018,ENTC,SY,Open,Female,1,6.79
2018,ENTC,SY,Open,Female,2,6.56
2018,ENTC,SY,OBC,Female,1,5.21
2018,ENTC,SY,OBC,Female,2,5.11
2018,ENTC,SY,EWS,Female,1,7.6
2018,ENTC,SY,EWS,Female,2,7.46
2018,ENTC,SY,SC,Female,1,5.26
2018,ENTC,SY,SC,Female,2,5
2018,ENTC,SY,NT,Female,1,7.05
2018,ENTC,SY,NT,Female,2,6.95
2018,ENTC,SY,ST,Female,1,5.38
2018,ENTC,SY,ST,Female,2,5.18
2018,ENTC,SY,J&K,Female,1,5.22
2018,ENTC,SY,J&K,Female,2,5.22
2018,INSTRUMENTATION,SY,Open,Female,1,5.48
2018,INSTRUMENTATION,SY,Open,Female,2,5.3
2018,INSTRUMENTATION,SY,OBC,Female,1,6.29
2018,INSTRUMENTATION,SY,OBC,Female,2,6.1
2018,INSTRUMENTATION,SY,EWS,Female,1,7.48
2018,INSTRUMENTATION,SY,EWS,Female,2,7.34
2018,INSTRUMENTATION,SY,SC,Female,1,5.12
2018,INSTRUMENTATION,SY,SC,Female,2,5
2018,INSTRUMENTATION,SY,NT,Female,1,6.57
2018,INSTRUMENTATION,SY,NT,Female,2,6.36
2018,INSTRUMENTATION,SY,ST,Female,1,4.45
2018,INSTRUMENTATION,SY,ST,Female,2,4.35
2018,INSTRUMENTATION,SY,J&K,Female,1,5.22
2018,INSTRUMENTATION,SY,J&K,Female,2,5.22
2018,Mechanical,SY,Open,Female,1,8.19
2018,Mechanical,SY,Open,Female,2,8
2018,Mechanical,SY,OBC,Female,1,7.36
2018,Mechanical,SY,OBC,Female,2,7.22
2018,Mechanical,SY,EWS,Female,1,7.41
2018,Mechanical,SY,EWS,Female,2,7.25
2018,Mechanical,SY,SC,Female,1,5.14
2018,Mechanical,SY,SC,Female,2,5
2018,Mechanical,SY,NT,Female,1,5.4
2018,Mechanical,SY,NT,Female,2,5.36
2018,Mechanical,SY,ST,Female,1,6.5
2018,Mechanical,SY,ST,Female,2,6.3
2018,Mechanical,SY,J&K,Female,1,5.22
2018,Mechanical,SY,J&K,Female,2,5.22
2018,Metallurgy,SY,Open,Female,1,4.57
2018,Metallurgy,SY,Open,Female,2,4.3
2018,Metallurgy,SY,OBC,Female,1,6.76
2018,Metallurgy,SY,OBC,Female,2,6.3
2018,Metallurgy,SY,EWS,Female,1,7.31
2018,Metallurgy,SY,EWS,Female,2,7.1
2018,Metallurgy,SY,SC,Female,1,5.62
2018,Metallurgy,SY,SC,Female,2,5.4
2018,Metallurgy,SY,NT,Female,1,5.71
2018,Metallurgy,SY,NT,Female,2,5.5
2018,Metallurgy,SY,ST,Female,1,4.52
2018,Metallurgy,SY,ST,Female,2,4.41
2018,Metallurgy,SY,J&K,Female,1,4.41
2018,Metallurgy,SY,J&K,Female,2,4.31
2018,Manufacturing,SY,Open,Female,1,5.86
2018,Manufacturing,SY,Open,Female,2,5.6
2018,Manufacturing,SY,OBC,Female,1,7
2018,Manufacturing,SY,OBC,Female,2,6.85
2018,Manufacturing,SY,EWS,Female,1,6.27
2018,Manufacturing,SY,EWS,Female,2,6.1
2018,Manufacturing,SY,SC,Female,1,4.62
2018,Manufacturing,SY,SC,Female,2,4.44
2018,Manufacturing,SY,NT,Female,1,5.14
2018,Manufacturing,SY,NT,Female,2,5
2018,Manufacturing,SY,ST,Female,1,4.71
2018,Manufacturing,SY,ST,Female,2,4.55
2018,Manufacturing,SY,J&K,Female,1,4.41
2018,Manufacturing,SY,J&K,Female,2,4.41
