mis,name,email,password,contact
112103010,B222222,naigaonkarsn21.comp@coep.ac.in,$2b$12$tQ1k0oPJrxKwCLGh.Rf62e92TXmtdvFase8CyhP5qpBEbW.LNZshO,123123123123
112103086,Manthan,naigaonkarsn21.comp@coep.ac.in,$2b$12$Jxu8GwyLQc/RenS2AyjEvOmpy38vIoosLQJdl.9reThZbbomEWITm,1234567890
112103091,Vardhan Mundhada,naigaonkarsn21.comp@coep.ac.in,$2b$12$vSksGCLN3.HKdMSHbXLm1uH4hc0Ekfl6gB5Q.DTLOIm6cAmcvzYpa,1234567890
112103092,Omkar Nagwekar,naigaonkarsn21.comp@coep.ac.in,$2b$12$LkdmUbQrQ3SO1rGXhGOPQOwz.ICbvY4Y1sjfp.KWVDHKWjXG5pNRK,1234567890
112103093,Soham Naigaonkar,naigaonkarsn21.comp@coep.ac.in,$2b$12$W3bu5DR2cdEBMR/mvugROe9nQqSViY0gC5GdDJOEE4y2hxDKyVrei,1234
112103099,fafasf,naigaonkarsn21.comp@coep.ac.in,$2b$12$TIksQp7wSWU6L07zAoNFWuqXAOekKHpmHeh8FgIBOfiO169j6f442,1234567890
123123123,Soham Naigaonkar,soham.naigaonkar@gmail.com,$2b$12$3xd6kyGJkORTrzZ3Fr/OrupVXLnuFX8X/RE1TFNstfZyCAwMBLz9i,123123123123
123456789,Himanshu Naigaonkar,sohamnaigaonkar1234@gmail.com,$2b$12$Il.n9.mhjSIDWzVcXxC4h.kUEqHxUmRrzfoUlqvZLVEOIWYUaoCky,1234567890
